{
    "resolution": {
        "combined": [
            1280,
            480
        ],
        "single": [
            640,
            480
        ]
    },
    "left_camera": {
        "camera_matrix": [
            [
                417.8802147152422,
                0.0,
                382.19394549692754
            ],
            [
                0.0,
                417.96126527128604,
                223.98971230498356
            ],
            [
                0.0,
                0.0,
                1.0
            ]
        ],
        "dist_coeffs": [
            [
                -0.42275769930112156,
                0.25845005830537804,
                0.0006959139149407879,
                -0.0028750234689141787,
                -0.11078779686321957
            ]
        ],
        "calibration_error": 3.476221680408496
    },
    "right_camera": {
        "camera_matrix": [
            [
                411.89793840207324,
                0.0,
                367.6419539173787
            ],
            [
                0.0,
                412.62344115838704,
                218.24248217416627
            ],
            [
                0.0,
                0.0,
                1.0
            ]
        ],
        "dist_coeffs": [
            [
                -0.372853527894689,
                0.13163388972292558,
                0.0003892485101169594,
                0.0004830202249216017,
                -0.027158043748861077
            ]
        ],
        "calibration_error": 3.4947919956646816
    },
    "stereo": {
        "R": [
            [
                0.9993731455354563,
                0.00035135453288966996,
                0.03540045949644944
            ],
            [
                -0.00035634390400903713,
                0.9999999274466732,
                0.0001346316096446188
            ],
            [
                -0.03540040962460201,
                -0.0001471619531597238,
                0.9993731982306558
            ]
        ],
        "T": [
            [
                -0.05978821374404839
            ],
            [
                -0.0008550786135492038
            ],
            [
                -0.004963702031813845
            ]
        ],
        "E": [
            [
                2.706897747443754e-05,
                0.004714364174170093,
                -0.0008109618574364481
            ],
            [
                -0.006721448403979716,
                -1.00127395599843e-05,
                0.05658100418441901
            ],
            [
                0.0008318309489125738,
                -0.05678319315434594,
                2.1104058780070837e-05
            ]
        ],
        "F": [
            [
                -3.216899763996113e-07,
                -5.601503090075094e-05,
                0.01669707509328269
            ],
            [
                7.973780364845642e-05,
                1.1875997395856117e-07,
                -0.31099609030848663
            ],
            [
                -0.021355746334370485,
                0.2984690508654791,
                1.0
            ]
        ],
        "Q": [
            [
                1.0,
                0.0,
                0.0,
                -9852.243949890137
            ],
            [
                0.0,
                1.0,
                0.0,
                -9139.461811065674
            ],
            [
                0.0,
                0.0,
                0.0,
                415.29235321483657
            ],
            [
                0.0,
                0.0,
                17.54859306343061,
                -0.0
            ]
        ],
        "error": 5.161852166563757,
        "rectification": {
            "R1": [
                [
                    0.99291189080173,
                    0.014589249055614184,
                    0.11795393557031787
                ],
                [
                    -0.01458351156937418,
                    0.9998932392139394,
                    -0.0009117919509911912
                ],
                [
                    -0.11795464507529735,
                    -0.0008148535139664849,
                    0.99301864923017
                ]
            ],
            "R2": [
                [
                    0.9964702290674734,
                    0.014251310225820116,
                    0.08272836719689777
                ],
                [
                    -0.014255330662064912,
                    0.9998982406577873,
                    -0.0005421043968960138
                ],
                [
                    -0.08272767451060442,
                    -0.0006391293369710461,
                    0.9965719860520654
                ]
            ],
            "P1": [
                [
                    415.29235321483657,
                    0.0,
                    9852.243949890137,
                    0.0
                ],
                [
                    0.0,
                    415.29235321483657,
                    9139.461811065674,
                    0.0
                ],
                [
                    0.0,
                    0.0,
                    1.0,
                    0.0
                ]
            ],
            "P2": [
                [
                    415.29235321483657,
                    0.0,
                    9852.243949890137,
                    -23.6652791317078
                ],
                [
                    0.0,
                    415.29235321483657,
                    9139.461811065674,
                    0.0
                ],
                [
                    0.0,
                    0.0,
                    1.0,
                    0.0
                ]
            ],
            "roi_left": [
                0,
                0,
                0,
                0
            ],
            "roi_right": [
                0,
                0,
                0,
                0
            ]
        }
    }
}